Algo	AODV	Nodes	500		PTx(mW)		10		TrafInt		0.1			TxBytes		6750000		RxBytes	28500		efficiency		0.422222%					
Algo	AODV	Nodes	500		PTx(mW)		10		TrafInt		0.5			TxBytes		33750000		RxBytes	90000		efficiency		0.266667%					
Algo	AODV	Nodes	500		PTx(mW)		10		TrafInt		0.9			TxBytes		60750000		RxBytes	163500		efficiency		0.269136%					
Algo	AODV	Nodes	1000		PTx(mW)		10		TrafInt		0.1			TxBytes		6000000		RxBytes	13500		efficiency		0.225%					
Algo	AODV	Nodes	1000		PTx(mW)		10		TrafInt		0.5			TxBytes		33000000		RxBytes	73500		efficiency		0.222727%					
Algo	AODV	Nodes	1000		PTx(mW)		10		TrafInt		0.9			TxBytes				RxBytes										efficiency
Algo	OLSR	Nodes	500		PTx(mW)		10		TrafInt		0.1			TxBytes		6750000		RxBytes	58500		efficiency		0.866667%					
Algo	OLSR	Nodes	500		PTx(mW)		10		TrafInt		0.5			TxBytes		33750000		RxBytes	310500		efficiency		0.92%					
Algo	OLSR	Nodes	500		PTx(mW)		10		TrafInt		0.9			TxBytes		60750000		RxBytes	574500		efficiency		0.945679%					
Algo	OLSR	Nodes	1000		PTx(mW)		10		TrafInt		0.1			TxBytes		6000000		RxBytes	60000		efficiency		1%					
Algo	OLSR	Nodes	1000		PTx(mW)		10		TrafInt		0.5			TxBytes		33000000		RxBytes	316500		efficiency		0.959091%					
Algo	OLSR	Nodes	1000		PTx(mW)		10		TrafInt		0.9			TxBytes		60000000		RxBytes	573000		efficiency		0.955%					
