Algo	OLSR		Nodes	500		PTx(mW)	100		TrafInt	0.1		TxBytes	6750000		RxBytes	328500		efficiency	4.86667%
Algo	OLSR		Nodes	500		PTx(mW)	100		TrafInt	0.5		TxBytes	33000000		RxBytes	1681500		efficiency	5.09545%
Algo	OLSR		Nodes	500		PTx(mW)	100		TrafInt	0.9		TxBytes	60000000		RxBytes	2637000		efficiency	4.395%
Algo	AODV		Nodes	500		PTx(mW)	100		TrafInt	0.1		TxBytes	6750000		RxBytes	25500		efficiency	0.377778%
Algo	AODV		Nodes	500		PTx(mW)	100		TrafInt	0.5		TxBytes	33750000		RxBytes	73500		efficiency	0.217778%
Algo	AODV		Nodes	500		PTx(mW)	100		TrafInt	0.9		TxBytes	60750000		RxBytes	198000		efficiency	0.325926%
Algo	AODV		Nodes	1000		PTx(mW)	100		TrafInt	0.1		TxBytes	6000000		RxBytes	7500		efficiency	0.125%
