Algo	AODV		Nodes	20		PTx(mW)		1		TrafInt		0.1		TxBytes		13500000		RxBytes		0		efficiency		0%
Algo	AODV		Nodes	20		PTx(mW)		10		TrafInt		0.1		TxBytes		13500000		RxBytes		0		efficiency		0%
Algo	AODV		Nodes	20		PTx(mW)		100		TrafInt		0.1		TxBytes		13500000		RxBytes		609000		efficiency		4.51111%
Algo	AODV		Nodes	20		PTx(mW)		500		TrafInt		0.1		TxBytes		13500000		RxBytes		976500		efficiency		7.23333%
Algo	AODV		Nodes	20		PTx(mW)		1		TrafInt		0.5		TxBytes		67500000		RxBytes		0		efficiency		0%
Algo	AODV		Nodes	20		PTx(mW)		10		TrafInt		0.5		TxBytes		67500000		RxBytes		0		efficiency		0%
Algo	AODV		Nodes	20		PTx(mW)		100		TrafInt		0.5		TxBytes		67500000		RxBytes		3373500		efficiency		4.99778%
Algo	AODV		Nodes	20		PTx(mW)		500		TrafInt		0.5		TxBytes		67500000		RxBytes		1909500		efficiency		2.82889%
Algo	AODV		Nodes	20		PTx(mW)		1		TrafInt		0.9		TxBytes		121500000		RxBytes		0		efficiency		0%
Algo	AODV		Nodes	20		PTx(mW)		10		TrafInt		0.9		TxBytes		121500000		RxBytes		0		efficiency		0%
Algo	AODV		Nodes	20		PTx(mW)		100		TrafInt		0.9		TxBytes		121500000		RxBytes		5613000		efficiency		4.61975%
Algo	AODV		Nodes	20		PTx(mW)		500		TrafInt		0.9		TxBytes		121500000		RxBytes		3753000		efficiency		3.08889%
Algo	OLSR		Nodes	20		PTx(mW)		1		TrafInt		0.1		TxBytes		13500000		RxBytes		0		efficiency		0%
Algo	OLSR		Nodes	20		PTx(mW)		10		TrafInt		0.1		TxBytes		13500000		RxBytes		0		efficiency		0%
Algo	OLSR		Nodes	20		PTx(mW)		100		TrafInt		0.1		TxBytes		13500000		RxBytes		529500		efficiency		3.92222%
Algo	OLSR		Nodes	20		PTx(mW)		500		TrafInt		0.1		TxBytes		13500000		RxBytes		999000		efficiency		7.4%
Algo	OLSR		Nodes	20		PTx(mW)		1		TrafInt		0.5		TxBytes		67500000		RxBytes		0		efficiency		0%
Algo	OLSR		Nodes	20		PTx(mW)		10		TrafInt		0.5		TxBytes		67500000		RxBytes		0		efficiency		0%
Algo	OLSR		Nodes	20		PTx(mW)		100		TrafInt		0.5		TxBytes		67500000		RxBytes		2649000		efficiency		3.92444%
Algo	OLSR		Nodes	20		PTx(mW)		500		TrafInt		0.5		TxBytes		67500000		RxBytes		2901000		efficiency		4.29778%
Algo	OLSR		Nodes	20		PTx(mW)		1		TrafInt		0.9		TxBytes		121500000		RxBytes		0		efficiency		0%
Algo	OLSR		Nodes	20		PTx(mW)		10		TrafInt		0.9		TxBytes		121500000		RxBytes		0		efficiency		0%
Algo	OLSR		Nodes	20		PTx(mW)		100		TrafInt		0.9		TxBytes		121500000		RxBytes		4767000		efficiency		3.92346%
Algo	OLSR		Nodes	20		PTx(mW)		500		TrafInt		0.9		TxBytes		121500000		RxBytes		4162500		efficiency		3.42593%
