Algo		OLSR		Nodes	500		PTx(mW)	1		TrafInt	0.1		TxBytes	6750000		RxBytes	10500		efficiency	0.155556%
Algo		OLSR		Nodes	500		PTx(mW)	1		TrafInt	0.5		TxBytes	33750000		RxBytes	52500		efficiency	0.155556%
Algo		OLSR		Nodes	500		PTx(mW)	1		TrafInt	0.9		TxBytes	60750000		RxBytes	94500		efficiency	0.155556%
Algo		AODV		Nodes	500		PTx(mW)	1		TrafInt	0.1		TxBytes	6750000		RxBytes	12000		efficiency	0.177778%
Algo		AODV		Nodes	500		PTx(mW)	1		TrafInt	0.5		TxBytes	33750000		RxBytes	66000		efficiency	0.195556%
Algo		AODV		Nodes	500		PTx(mW)	1		TrafInt	0.9		TxBytes	60750000		RxBytes	120000		efficiency	0.197531%
Algo		OLSR		Nodes	1000		PTx(mW)	1		TrafInt	0.1		TxBytes	6000000		RxBytes	10500		efficiency	0.175%
Algo		OLSR		Nodes	1000		PTx(mW)	1		TrafInt	0.5		TxBytes	33000000		RxBytes	60000		efficiency	0.181818%
Algo		OLSR		Nodes	1000		PTx(mW)	1		TrafInt	0.9		TxBytes	60000000		RxBytes	111000		efficiency	0.185%
