Algo	AODV	Nodes	100	PTx(mW)	1		TrafInt	0.1	TxBytes	13350000		RxBytes	133500		efficiency	1%
Algo	AODV	Nodes	100	PTx(mW)	10		TrafInt	0.1	TxBytes	13500000		RxBytes	262500		efficiency	1.94444%
Algo	AODV	Nodes	100	PTx(mW)	100		TrafInt	0.1	TxBytes	13500000		RxBytes	856500		efficiency	6.34444%
Algo	AODV	Nodes	100	PTx(mW)	500		TrafInt	0.1	TxBytes	13350000		RxBytes	913500		efficiency	6.8427%
Algo	AODV	Nodes	100	PTx(mW)	1		TrafInt	0.5	TxBytes	67500000		RxBytes	673500		efficiency	0.997778%
Algo	AODV	Nodes	100	PTx(mW)	10		TrafInt	0.5	TxBytes	67500000		RxBytes	1345500		efficiency	1.99333%
Algo	AODV	Nodes	100	PTx(mW)	100		TrafInt	0.5	TxBytes	67500000		RxBytes	2821500		efficiency	4.18%
Algo	AODV	Nodes	100	PTx(mW)	500		TrafInt	0.5	TxBytes	67500000		RxBytes	3508500		efficiency	5.19778%
Algo	AODV	Nodes	100	PTx(mW)	1		TrafInt	0.9	TxBytes	121350000		RxBytes	1213500		efficiency	1%
Algo	AODV	Nodes	100	PTx(mW)	10		TrafInt	0.9	TxBytes	121500000		RxBytes	2422500		efficiency	1.99383%
Algo	AODV	Nodes	100	PTx(mW)	100		TrafInt	0.9	TxBytes	121500000		RxBytes	5103000		efficiency	4.2%
Algo	AODV	Nodes	100	PTx(mW)	500		TrafInt	0.9	TxBytes	121350000		RxBytes	3867000		efficiency	3.18665%
Algo	OLSR	Nodes	100	PTx(mW)	1		TrafInt	0.1	TxBytes	13350000		RxBytes	103500		efficiency	0.775281%
Algo	OLSR	Nodes	100	PTx(mW)	10		TrafInt	0.1	TxBytes	13500000		RxBytes	208500		efficiency	1.54444%
Algo	OLSR	Nodes	100	PTx(mW)	100		TrafInt	0.1	TxBytes	13500000		RxBytes	697500		efficiency	5.16667%
Algo	OLSR	Nodes	100	PTx(mW)	500		TrafInt	0.1	TxBytes	13350000		RxBytes	2061000		efficiency	15.4382%
Algo	OLSR	Nodes	100	PTx(mW)	1		TrafInt	0.5	TxBytes	67500000		RxBytes	517500		efficiency	0.766667%
Algo	OLSR	Nodes	100	PTx(mW)	10		TrafInt	0.5	TxBytes	67500000		RxBytes	1045500		efficiency	1.54889%
Algo	OLSR	Nodes	100	PTx(mW)	100		TrafInt	0.5	TxBytes	67500000		RxBytes	4011000		efficiency	5.94222%
Algo	OLSR	Nodes	100	PTx(mW)	500		TrafInt	0.5	TxBytes	67500000		RxBytes	7111500		efficiency	10.5356%
Algo	OLSR	Nodes	100	PTx(mW)	1		TrafInt	0.9	TxBytes	121350000		RxBytes	931500		efficiency	0.767614%
Algo	OLSR	Nodes	100	PTx(mW)	10		TrafInt	0.9	TxBytes	121500000		RxBytes	1882500		efficiency	1.54938%
Algo	OLSR	Nodes	100	PTx(mW)	100		TrafInt	0.9	TxBytes	121500000		RxBytes	6492000		efficiency	5.34321%
Algo	OLSR	Nodes	100	PTx(mW)	500		TrafInt	0.9	TxBytes	121350000		RxBytes	9169500		efficiency	7.55624%
